{
  "task": "right_hand_vs_rest",
  "weights": {
    "w_mu": 0.030646200927988077,
    "w_beta": -0.007383890169292837,
    "w_li": 0.037098919722282755,
    "w_mrcp": 0.03803914145809467,
    "w_pmodel": 3.455818494908474,
    "intercept": -1.3299563057407782,
    "feature_names": [
      "z_mu",
      "z_beta",
      "z_li",
      "z_mrcp",
      "logit_pmodel"
    ]
  },
  "meta": {
    "n_fit_trials": 2951,
    "n_rest_trials": 1951,
    "cohort": "stroke"
  },
  "population_baseline": {
    "feature_names": [
      "z_mu",
      "z_beta",
      "z_li",
      "z_mrcp"
    ],
    "mean": [
      -14.226576035649225,
      -7.4082981556143395,
      0.015223412794478369,
      9.205418209174305e-07
    ],
    "std": [
      274.60950000425237,
      268.9364945948996,
      0.7310735191158191,
      3.222694260082527e-05
    ]
  }
}