{
  "task": "right_hand_vs_rest",
  "weights": {
    "w_mu": 0.03194396965098948,
    "w_beta": -0.01098906720557359,
    "w_li": 0.19272753076931762,
    "w_mrcp": 0.1307816974580672,
    "w_pmodel": 0.5720198148889173,
    "intercept": -0.669608185238465,
    "feature_names": [
      "z_mu",
      "z_beta",
      "z_li",
      "z_mrcp",
      "logit_pmodel"
    ]
  },
  "meta": {
    "n_fit_trials": 826,
    "n_rest_trials": 546,
    "cohort": "stroke"
  },
  "population_baseline": {
    "feature_names": [
      "z_mu",
      "z_beta",
      "z_li",
      "z_mrcp"
    ],
    "mean": [
      -13.70388721435154,
      -3.097689031190818,
      -0.03836558890044512,
      3.2324943762362747e-06
    ],
    "std": [
      81.86125577967812,
      34.842674795202576,
      0.7328591983492209,
      5.01844424307571e-05
    ]
  }
}