{
  "task": "right_hand_vs_rest",
  "weights": {
    "w_mu": 0.03395227098765742,
    "w_beta": -0.008582965170700101,
    "w_li": 0.03201846187389863,
    "w_mrcp": 0.06911405813046267,
    "w_pmodel": 3.351199348171733,
    "intercept": 1.1621575806465994,
    "feature_names": [
      "z_mu",
      "z_beta",
      "z_li",
      "z_mrcp",
      "logit_pmodel"
    ]
  },
  "meta": {
    "n_fit_trials": 2951,
    "n_rest_trials": 1951,
    "cohort": "stroke"
  },
  "population_baseline": {
    "feature_names": [
      "z_mu",
      "z_beta",
      "z_li",
      "z_mrcp"
    ],
    "mean": [
      -14.226576035649225,
      -7.4082981556143395,
      0.015223412794478369,
      9.205418209174305e-07
    ],
    "std": [
      274.60950000425237,
      268.9364945948996,
      0.7310735191158191,
      3.222694260082527e-05
    ]
  }
}